날짜,아황산가스,일산화탄소,오존,이산화질소,PM10,PM2.5,기온(°C)
2021-10-01 01,0.003,0.6,0.001,0.042,35,20,18.7
2021-10-01 02,0.003,0.5,0.003,0.031,31,16,18.3
2021-10-01 03,0.003,0.4,0.005,0.023,25,13,17.7
2021-10-01 04,0.003,0.4,0.002,0.025,25,13,17.4
2021-10-01 05,0.003,0.4,0.002,0.023,27,15,17.2
2021-10-01 06,0.003,0.3,0.002,0.021,22,11,17
2021-10-01 07,0.003,0.4,0.001,0.021,20,10,17
2021-10-01 08,0.003,0.4,0.002,0.024,20,9,17.5
2021-10-01 09,0.003,0.5,0.006,0.025,27,13,19.8
2021-10-01 10,0.003,0.5,0.014,0.023,33,18,21.4
2021-10-01 11,0.003,0.5,0.023,0.02,43,22,23
2021-10-01 12,0.003,0.5,0.026,0.024,43,24,24.6
2021-10-01 13,0.004,0.5,0.038,0.02,41,26,26
2021-10-01 14,0.003,0.5,0.045,0.022,42,24,27.2
2021-10-01 15,0.003,0.4,0.058,0.017,41,20,27.2
2021-10-01 16,0.003,0.4,0.062,0.02,35,19,26.9
2021-10-01 17,0.003,0.4,0.075,0.019,40,22,25.7
2021-10-01 18,0.004,0.5,0.061,0.024,44,26,23.9
2021-10-01 19,0.003,0.4,0.053,0.022,39,23,22.5
2021-10-01 20,0.004,0.5,0.046,0.029,34,19,21.8
2021-10-01 21,0.004,0.6,0.041,0.034,48,30,21.5
2021-10-01 22,0.004,0.5,0.054,0.018,42,27,21.4
2021-10-01 23,0.003,0.3,0.053,0.009,32,19,17.2
2021-10-01 24,0.003,0.3,0.047,0.011,13,6,17
2021-10-02 01,0.003,0.3,0.045,0.011,11,4,16.6
2021-10-02 02,0.003,0.3,0.041,0.01,11,5,16.8
2021-10-02 03,0.003,0.3,0.03,0.016,13,3,16.6
2021-10-02 04,0.003,0.3,0.031,0.012,11,5,16.7
2021-10-02 05,0.003,0.3,0.033,0.011,13,6,16.5
2021-10-02 06,0.003,0.3,0.024,0.017,12,5,16.6
2021-10-02 07,0.003,0.3,0.017,0.023,15,8,16.9
2021-10-02 08,0.003,0.3,0.01,0.03,14,5,17.5
2021-10-02 09,0.003,0.4,0.009,0.032,18,7,18.8
2021-10-02 10,0.003,0.4,0.01,0.033,19,7,20.9
2021-10-02 11,0.004,0.4,0.027,0.026,19,8,21.7
2021-10-02 12,0.003,0.4,0.037,0.024,26,12,23.5
2021-10-02 13,0.003,0.3,0.05,0.019,29,14,24.2
2021-10-02 14,0.003,0.4,0.058,0.02,30,18,25.7
2021-10-02 15,0.003,0.3,0.074,0.012,29,17,26.2
2021-10-02 16,0.004,0.3,0.076,0.012,28,16,26.1
2021-10-02 17,0.003,0.3,0.072,0.012,33,19,25.2
2021-10-02 18,0.003,0.3,0.076,0.012,31,17,23.7
2021-10-02 19,0.004,0.4,0.081,0.014,37,23,22.5
2021-10-02 20,0.004,0.5,0.062,0.025,38,24,21.1
2021-10-02 21,0.004,0.5,0.054,0.027,45,25,20.8
2021-10-02 22,0.004,0.5,0.051,0.023,40,26,20.3
2021-10-02 23,0.004,0.5,0.039,0.028,39,23,19.9
2021-10-02 24,0.004,0.6,0.018,0.037,40,24,19.5
2021-10-03 01,0.003,0.6,0.013,0.036,40,25,19.1
2021-10-03 02,0.003,0.5,0.013,0.027,39,24,18.7
2021-10-03 03,0.003,0.6,0.011,0.026,42,24,18.1
2021-10-03 04,0.003,0.5,0.012,0.021,38,24,17.7
2021-10-03 05,0.003,0.5,0.016,0.015,35,23,17.4
2021-10-03 06,0.003,0.4,0.019,0.014,33,21,17.1
2021-10-03 07,0.003,0.4,0.022,0.014,34,22,17.2
2021-10-03 08,0.003,0.4,0.018,0.017,32,20,18
2021-10-03 09,0.003,0.4,0.018,0.018,35,23,19.9
2021-10-03 10,0.003,0.5,0.027,0.017,33,22,21.8
2021-10-03 11,0.003,0.4,0.04,0.013,29,20,23.8
2021-10-03 12,0.003,0.4,0.049,0.013,33,22,26
2021-10-03 13,0.003,0.4,0.064,0.008,33,21,27.5
2021-10-03 14,0.003,0.4,0.065,0.011,31,20,28.6
2021-10-03 15,0.003,0.4,0.068,0.008,36,19,28.7
2021-10-03 16,0.004,0.4,0.068,0.009,36,21,27.9
2021-10-03 17,0.005,0.5,0.064,0.011,40,25,26.8
2021-10-03 18,0.004,0.3,0.058,0.01,35,19,25.8
2021-10-03 19,0.004,0.4,0.054,0.012,32,17,24.7
2021-10-03 20,0.004,0.5,0.043,0.019,34,19,23.6
2021-10-03 21,0.004,0.6,0.027,0.032,37,22,22.4
2021-10-03 22,0.003,0.7,0.01,0.046,38,22,21.6
2021-10-03 23,0.003,0.6,0.005,0.046,41,25,20.7
2021-10-03 24,0.003,0.7,0.002,0.048,39,24,20.2
2021-10-04 01,0.004,0.7,,0.046,39,25,19.5
2021-10-04 02,0.003,0.6,0.005,0.037,37,22,19.3
2021-10-04 03,0.003,0.5,0.011,0.03,35,19,19.4
2021-10-04 04,0.004,0.5,0.01,0.027,34,20,19.6
2021-10-04 05,0.003,0.5,0.008,0.029,34,23,19.9
2021-10-04 06,0.003,0.5,0.004,0.029,34,20,20.2
2021-10-04 07,0.003,0.5,0.003,0.03,34,21,20.3
2021-10-04 08,0.004,0.5,0.005,0.037,33,19,20.7
2021-10-04 09,0.004,0.4,0.017,0.03,38,22,21.3
2021-10-04 10,0.003,0.3,0.027,0.02,39,24,22.1
2021-10-04 11,0.003,0.4,0.025,0.02,42,25,23.4
2021-10-04 12,0.003,0.3,0.03,0.017,41,22,24.3
2021-10-04 13,0.003,0.3,0.033,0.015,41,22,24.5
2021-10-04 14,0.003,0.3,0.031,0.015,38,18,25.4
2021-10-04 15,0.004,0.3,0.038,0.006,40,16,25.5
2021-10-04 16,0.003,0.2,0.036,0.006,36,14,25.4
2021-10-04 17,0.003,0.2,0.033,0.007,38,14,25.3
2021-10-04 18,0.003,0.2,0.03,0.008,36,14,24.1
2021-10-04 19,0.003,0.2,0.029,0.009,36,15,24
2021-10-04 20,0.003,0.2,0.031,0.007,34,12,23.9
2021-10-04 21,0.003,0.3,0.033,0.008,35,14,24
2021-10-04 22,0.003,0.3,0.036,0.006,35,13,24.1
2021-10-04 23,0.003,0.2,0.037,0.006,37,13,24.1
2021-10-04 24,0.003,0.2,0.04,0.005,36,13,24.1
2021-10-05 01,0.003,0.3,0.041,0.004,38,14,23.9
2021-10-05 02,0.004,0.4,0.04,0.005,37,14,23.7
2021-10-05 03,0.004,0.4,0.04,0.005,42,16,23.5
2021-10-05 04,0.004,0.4,0.039,0.006,41,15,23.3
2021-10-05 05,0.004,0.4,0.04,0.005,42,16,23.2
2021-10-05 06,0.004,0.4,0.036,0.008,42,15,23.2
2021-10-05 07,0.003,0.4,0.033,0.011,44,17,22.9
2021-10-05 08,0.004,0.4,0.028,0.017,41,15,23.3
2021-10-05 09,0.004,0.4,0.024,0.02,43,15,23.6
2021-10-05 10,0.003,0.3,0.026,0.019,40,16,24
2021-10-05 11,0.003,0.3,0.032,0.015,39,17,24.4
2021-10-05 12,0.004,0.3,0.042,0.01,36,16,25.4
2021-10-05 13,0.004,0.3,0.054,0.01,37,15,25.7
2021-10-05 14,0.003,0.3,0.052,0.01,37,14,26.4
2021-10-05 15,0.003,0.2,0.042,0.012,39,16,25.5
2021-10-05 16,0.003,0.2,0.035,0.015,41,17,25.4
2021-10-05 17,0.003,0.2,0.034,0.015,37,17,24.8
2021-10-05 18,0.003,0.3,0.029,0.018,38,15,23.5
2021-10-05 19,0.004,0.3,0.033,0.013,40,14,23.2
2021-10-05 20,0.003,0.3,0.033,0.012,39,15,22.7
2021-10-05 21,0.003,0.3,0.023,0.019,42,18,22.5
2021-10-05 22,0.003,0.3,0.025,0.017,36,14,22.1
2021-10-05 23,0.003,0.4,0.019,0.019,30,15,22.1
2021-10-05 24,0.003,0.3,0.012,0.019,19,8,21.7
2021-10-06 01,0.003,0.3,0.019,0.013,12,6,21.5
2021-10-06 02,0.003,0.3,0.014,0.014,13,5,21.2
2021-10-06 03,0.003,0.3,0.011,0.012,8,5,20.3
2021-10-06 04,0.003,0.3,0.016,0.008,11,3,19.3
2021-10-06 05,0.003,0.2,0.021,0.007,7,2,18.9
2021-10-06 06,0.003,0.2,0.023,0.008,3,1,18.5
2021-10-06 07,0.003,0.2,0.018,0.012,5,1,18.2
2021-10-06 08,0.003,0.3,0.014,0.017,3,1,18.1
2021-10-06 09,0.003,0.3,0.014,0.018,3,1,18
2021-10-06 10,0.003,0.3,0.01,0.021,5,1,18
2021-10-06 11,0.003,0.3,0.012,0.02,6,1,18
2021-10-06 12,0.002,0.3,0.01,0.022,5,1,18.2
2021-10-06 13,0.002,0.3,0.01,0.023,8,3,18.4
2021-10-06 14,0.003,0.3,0.011,0.021,6,1,18.4
2021-10-06 15,0.003,0.3,0.008,0.024,7,1,18.6
2021-10-06 16,0.003,0.3,0.013,0.018,6,1,19.3
2021-10-06 17,0.003,0.3,0.017,0.015,5,1,19.9
2021-10-06 18,0.003,0.3,0.013,0.016,7,1,19.2
2021-10-06 19,0.003,0.3,0.009,0.021,11,6,18.6
2021-10-06 20,0.002,0.3,0.011,0.018,10,3,18.4
2021-10-06 21,0.003,0.3,0.014,0.014,9,3,18.7
2021-10-06 22,0.003,0.3,0.014,0.015,6,1,18.7
2021-10-06 23,0.003,0.3,0.011,0.017,7,1,18.7
2021-10-06 24,0.003,0.3,0.008,0.018,7,1,18.8
2021-10-07 01,0.003,0.3,0.009,0.017,8,4,18.8
2021-10-07 02,0.003,0.3,0.009,0.015,7,2,18.8
2021-10-07 03,0.003,0.3,0.01,0.014,6,3,18.8
2021-10-07 04,0.003,0.3,0.009,0.014,8,2,18.9
2021-10-07 05,0.003,0.3,0.01,0.013,9,3,18.8
2021-10-07 06,0.003,0.3,0.002,0.021,9,3,18.4
2021-10-07 07,0.003,0.3,0.001,0.025,9,5,18.4
2021-10-07 08,0.003,0.3,,0.026,11,4,18.6
2021-10-07 09,0.003,0.4,0.001,0.027,13,7,19
2021-10-07 10,0.003,0.5,0.001,0.029,15,6,19.7
2021-10-07 11,0.003,0.4,0.005,0.03,21,9,20
2021-10-07 12,0.003,0.4,0.013,0.026,14,7,20.6
2021-10-07 13,0.003,0.3,0.023,0.019,12,7,21.3
2021-10-07 14,0.003,0.3,0.028,0.017,15,7,21.8
2021-10-07 15,0.003,0.4,0.02,0.026,20,10,21.4
2021-10-07 16,0.003,0.4,0.024,0.021,22,12,21.1
2021-10-07 17,0.003,0.4,0.022,0.024,29,13,20.9
2021-10-07 18,0.004,0.4,0.022,0.025,25,13,20.1
2021-10-07 19,0.003,0.4,0.023,0.024,25,13,19.5
2021-10-07 20,0.003,0.4,0.025,0.023,22,10,19.2
2021-10-07 21,0.003,0.4,0.028,0.017,22,10,19
2021-10-07 22,0.003,0.4,0.024,0.02,18,9,18.6
2021-10-07 23,0.003,0.4,0.029,0.016,16,10,18.2
2021-10-07 24,0.003,0.4,0.036,0.01,13,7,17.9
2021-10-08 01,0.003,0.4,0.03,0.012,13,4,17.7
2021-10-08 02,0.003,0.4,0.025,0.015,14,6,17.7
2021-10-08 03,0.003,0.4,0.021,0.015,15,7,17.7
2021-10-08 04,0.003,0.5,0.006,0.027,17,8,17.6
2021-10-08 05,0.003,0.4,0.002,0.024,21,12,17.5
2021-10-08 06,0.003,0.4,0.003,0.025,21,9,17.5
2021-10-08 07,0.003,0.4,0.001,0.027,19,10,17.5
2021-10-08 08,0.003,0.5,0.001,0.027,21,9,17.9
2021-10-08 09,0.003,0.5,0.001,0.027,23,13,18.6
2021-10-08 10,0.003,0.5,0.003,0.027,26,12,19.2
2021-10-08 11,0.004,0.5,0.002,0.029,31,17,19.3
2021-10-08 12,0.003,0.6,0.003,0.031,29,16,19.6
2021-10-08 13,0.003,0.5,0.003,0.031,29,20,19.8
2021-10-08 14,0.003,0.5,0.003,0.029,27,16,20
2021-10-08 15,0.003,0.5,0.002,0.029,26,14,19.8
2021-10-08 16,0.003,0.4,0.005,0.025,20,11,19.7
2021-10-08 17,0.003,0.4,0.004,0.027,17,10,19.6
2021-10-08 18,0.003,0.4,0.005,0.028,17,10,19.3
2021-10-08 19,0.003,0.4,0.002,0.029,15,7,19.1
2021-10-08 20,0.003,0.4,0.003,0.028,14,6,18.8
2021-10-08 21,0.003,0.3,0.007,0.02,13,8,18.7
2021-10-08 22,0.003,0.3,0.007,0.019,11,5,18.7
2021-10-08 23,0.003,0.3,0.009,0.016,12,6,18.8
2021-10-08 24,0.003,0.3,0.012,0.014,10,4,18.9
2021-10-09 01,0.003,0.3,0.015,0.011,10,6,19
2021-10-09 02,0.003,0.3,0.016,0.01,9,3,18.9
2021-10-09 03,0.003,0.3,0.016,0.01,11,4,18.8
2021-10-09 04,0.003,0.3,0.02,0.008,7,3,18.6
2021-10-09 05,0.003,0.2,0.02,0.008,8,1,18.6
2021-10-09 06,0.003,0.2,0.019,0.011,7,1,18.8
2021-10-09 07,0.003,0.3,0.014,0.017,7,3,18.8
2021-10-09 08,0.003,0.3,0.014,0.017,7,1,18.8
2021-10-09 09,0.003,0.3,0.011,0.021,9,1,19.2
2021-10-09 10,0.003,0.3,0.014,0.018,8,1,20.7
2021-10-09 11,0.003,0.3,0.017,0.017,7,3,21.3
2021-10-09 12,0.003,0.3,0.021,0.013,6,1,22.1
2021-10-09 13,0.003,0.3,0.02,0.016,7,1,22.3
2021-10-09 14,0.003,0.3,0.021,0.014,8,3,22.9
2021-10-09 15,0.003,0.3,0.018,0.017,9,3,23.1
2021-10-09 16,0.003,0.3,0.018,0.017,11,4,23.4
2021-10-09 17,0.003,0.3,0.018,0.016,9,3,24
2021-10-09 18,0.003,0.3,0.012,0.02,10,4,23.1
2021-10-09 19,0.003,0.4,0.006,0.026,14,9,22.2
2021-10-09 20,0.003,0.4,0.006,0.023,12,6,21.7
2021-10-09 21,0.003,0.4,0.004,0.024,14,6,21.3
2021-10-09 22,0.003,0.5,,0.028,14,6,21.1
2021-10-09 23,0.003,0.6,,0.028,16,7,20.8
2021-10-09 24,0.003,0.5,,0.027,16,6,20.4
2021-10-10 01,0.003,0.5,,0.025,15,7,20.3
2021-10-10 02,0.003,0.4,,0.022,14,6,20.4
2021-10-10 03,0.003,0.4,0.001,0.021,18,7,20.5
2021-10-10 04,0.003,0.4,0.001,0.02,17,8,20.6
2021-10-10 05,0.003,0.4,0.001,0.019,20,11,20.6
2021-10-10 06,0.003,0.4,0.001,0.02,18,9,20.7
2021-10-10 07,0.003,0.4,0.011,0.016,22,14,20.8
2021-10-10 08,0.003,0.3,0.022,0.011,25,15,21.5
2021-10-10 09,0.004,0.3,0.023,0.013,28,18,22.5
2021-10-10 10,0.004,0.4,0.028,0.012,29,19,23.6
2021-10-10 11,0.004,0.4,0.03,0.013,36,21,23.7
2021-10-10 12,0.005,0.4,0.035,0.012,32,20,24.1
2021-10-10 13,0.004,0.3,0.04,0.008,35,22,21.9
2021-10-10 14,0.003,0.3,0.029,0.011,23,14,21.2
2021-10-10 15,0.003,0.3,0.024,0.017,11,6,20.5
2021-10-10 16,0.003,0.3,0.027,0.015,8,4,20.2
2021-10-10 17,0.003,0.4,0.028,0.015,8,4,19.7
2021-10-10 18,0.003,0.4,0.032,0.011,6,3,19.1
2021-10-10 19,0.003,0.5,0.033,0.011,11,6,18.2
2021-10-10 20,0.003,0.5,0.031,0.012,13,7,17.6
2021-10-10 21,0.002,0.4,0.031,0.01,22,12,16.6
2021-10-10 22,0.003,0.4,0.037,0.008,26,13,15.6
2021-10-10 23,0.003,0.4,0.036,0.008,31,15,15.1
2021-10-10 24,0.003,0.4,0.03,0.011,35,17,14.9
2021-10-11 01,0.003,0.3,0.028,0.009,35,15,14.1
2021-10-11 02,0.003,0.3,0.026,0.006,38,11,13.5
2021-10-11 03,0.003,0.3,0.025,0.007,39,8,13.4
2021-10-11 04,0.003,0.3,0.021,0.008,36,9,13.1
2021-10-11 05,0.003,0.3,0.021,0.008,36,10,12.9
2021-10-11 06,0.003,0.3,0.024,0.008,28,8,12.8
2021-10-11 07,0.003,0.3,0.02,0.012,23,10,12.6
2021-10-11 08,0.003,0.3,0.016,0.015,25,7,12.8
2021-10-11 09,0.003,0.3,0.018,0.015,23,8,13.5
2021-10-11 10,0.003,0.3,0.021,0.016,20,6,15
2021-10-11 11,0.003,0.3,0.024,0.014,24,8,15.3
2021-10-11 12,0.003,0.3,0.023,0.015,24,7,16.2
2021-10-11 13,0.003,0.4,0.021,0.016,24,8,16.5
2021-10-11 14,0.003,0.3,0.02,0.016,27,10,16.6
2021-10-11 15,0.003,0.3,0.021,0.016,27,11,17
2021-10-11 16,0.003,0.3,0.023,0.014,25,9,17.5
2021-10-11 17,0.003,0.3,0.023,0.015,23,9,17.2
2021-10-11 18,0.002,0.3,0.022,0.015,21,10,16.7
2021-10-11 19,0.003,0.3,0.02,0.017,19,9,16.1
2021-10-11 20,0.003,0.3,0.019,0.017,17,8,15.6
2021-10-11 21,0.003,0.3,0.021,0.015,17,7,16.1
2021-10-11 22,0.003,0.3,0.022,0.013,17,7,16.2
2021-10-11 23,0.003,0.3,0.024,0.011,18,7,16.3
2021-10-11 24,0.003,0.3,0.026,0.009,13,5,16.2
2021-10-12 01,0.003,0.2,0.028,0.006,11,3,16.1
2021-10-12 02,0.003,0.2,0.028,0.006,8,2,15.8
2021-10-12 03,0.003,0.2,0.029,0.006,9,1,15.9
2021-10-12 04,0.003,0.2,0.03,0.006,6,1,15.9
2021-10-12 05,0.003,0.2,0.029,0.007,6,3,16
2021-10-12 06,0.003,0.2,0.025,0.011,5,1,16
2021-10-12 07,0.003,0.2,0.021,0.017,6,2,16
2021-10-12 08,0.003,0.3,0.018,0.022,9,2,16.4
2021-10-12 09,0.003,0.3,0.017,0.022,10,3,17.4
2021-10-12 10,0.003,0.3,0.021,0.019,12,3,19.7
2021-10-12 11,0.003,0.3,0.028,0.013,14,2,19.7
2021-10-12 12,0.003,0.2,0.028,0.013,13,3,19.4
2021-10-12 13,0.003,0.3,0.028,0.013,14,6,19.7
2021-10-12 14,0.003,0.3,0.028,0.013,12,3,20.7
2021-10-12 15,0.003,0.3,0.029,0.012,14,1,20.7
2021-10-12 16,0.002,0.2,0.03,0.011,14,4,21.3
2021-10-12 17,0.003,0.2,0.029,0.012,14,3,20
2021-10-12 18,0.003,0.2,0.028,0.013,11,3,19.3
2021-10-12 19,0.003,0.2,0.027,0.013,12,7,18.5
2021-10-12 20,0.003,0.3,0.024,0.017,11,3,18
2021-10-12 21,0.003,0.3,0.019,0.022,14,5,17.6
2021-10-12 22,0.003,0.3,0.024,0.016,14,4,17.2
2021-10-12 23,0.003,0.3,0.028,0.012,14,3,16.9
2021-10-12 24,0.003,0.2,0.031,0.01,11,2,16.7
2021-10-13 01,0.003,0.2,0.034,0.007,10,4,16.2
2021-10-13 02,0.003,0.2,0.036,0.005,9,2,15.9
2021-10-13 03,0.002,0.2,0.034,0.007,10,5,15.5
2021-10-13 04,0.002,0.2,0.035,0.006,9,2,15.1
2021-10-13 05,0.003,0.2,0.034,0.008,12,3,15
2021-10-13 06,0.003,0.2,0.022,0.017,9,3,15.1
2021-10-13 07,0.002,0.2,0.014,0.027,12,4,14.9
2021-10-13 08,0.003,0.2,0.022,0.02,11,2,15.5
2021-10-13 09,0.003,0.3,0.025,0.017,12,4,18
2021-10-13 10,0.002,0.3,0.027,0.015,10,1,19.6
2021-10-13 11,0.003,0.3,0.028,0.014,12,3,21.5
2021-10-13 12,0.003,0.3,0.031,0.013,11,2,22.1
2021-10-13 13,0.003,0.2,0.034,0.011,13,4,23.3
2021-10-13 14,0.002,0.3,0.034,0.012,10,3,24
2021-10-13 15,0.003,0.3,0.039,0.013,13,3,24.2
2021-10-13 16,0.003,0.3,0.038,0.013,11,4,25
2021-10-13 17,0.003,0.3,0.037,0.013,12,5,24
2021-10-13 18,0.003,0.3,0.033,0.016,14,7,22.4
2021-10-13 19,0.002,0.3,0.028,0.02,15,8,21.4
2021-10-13 20,0.003,0.4,0.022,0.024,14,8,20.7
2021-10-13 21,0.003,0.4,0.014,0.028,13,8,20.5
2021-10-13 22,0.003,0.3,0.013,0.026,14,6,20.3
2021-10-13 23,0.003,0.4,0.009,0.029,14,7,19.8
2021-10-13 24,0.003,0.3,0.008,0.028,14,6,19.3
2021-10-14 01,0.003,0.3,0.012,0.021,14,8,18.3
2021-10-14 02,0.003,0.3,0.014,0.016,13,5,18.1
2021-10-14 03,0.003,0.3,0.011,0.018,15,6,18
2021-10-14 04,0.003,0.3,0.005,0.022,13,6,18
2021-10-14 05,0.003,0.3,0.002,0.025,14,7,17.9
2021-10-14 06,0.003,0.3,0.006,0.022,14,5,17.7
2021-10-14 07,0.003,0.3,0.001,0.027,12,6,17.4
2021-10-14 08,0.003,0.3,0.002,0.027,14,5,17.8
2021-10-14 09,0.003,0.4,0.005,0.025,17,5,18.5
2021-10-14 10,0.003,0.4,0.007,0.026,18,6,20
2021-10-14 11,0.003,0.3,0.03,0.021,18,8,21
2021-10-14 12,0.003,0.3,0.037,0.021,19,8,21.7
2021-10-14 13,0.003,0.3,0.039,0.025,28,15,22.5
2021-10-14 14,0.003,0.3,0.048,0.02,26,14,23.4
2021-10-14 15,,,,,,,23.8
2021-10-14 16,,,,,,,23.6
2021-10-14 17,,,,,,,22.5
2021-10-14 18,0.004,0.4,0.033,0.026,36,18,20.6
2021-10-14 19,0.004,0.4,0.03,0.026,32,16,19.8
2021-10-14 20,0.003,0.4,0.028,0.027,27,13,19.1
2021-10-14 21,0.003,0.4,0.027,0.026,26,14,18.9
2021-10-14 22,0.003,0.3,0.032,0.017,17,8,18.6
2021-10-14 23,0.004,0.3,0.033,0.017,16,11,18.7
2021-10-14 24,0.003,0.3,0.039,0.013,20,9,18.5
2021-10-15 01,0.003,0.3,0.037,0.011,21,11,18.5
2021-10-15 02,0.003,0.3,0.035,0.011,22,9,18.3
2021-10-15 03,0.003,0.3,0.033,0.012,28,14,18.1
2021-10-15 04,0.003,0.3,0.032,0.01,27,12,17.6
2021-10-15 05,0.003,0.3,0.035,0.008,29,14,17.3
2021-10-15 06,0.003,0.3,0.033,0.011,25,12,17.1
2021-10-15 07,0.003,0.3,0.033,0.014,20,9,17
2021-10-15 08,0.003,0.3,0.022,0.02,22,12,17.2
2021-10-15 09,0.003,0.4,0.013,0.027,25,12,17.7
2021-10-15 10,0.003,0.4,0.024,0.022,23,13,18.3
2021-10-15 11,0.003,0.4,0.021,0.026,24,14,18.8
2021-10-15 12,0.003,0.4,0.018,0.027,24,14,19.6
2021-10-15 13,0.003,0.3,0.027,0.016,22,12,20.9
2021-10-15 14,0.003,0.3,0.033,0.014,19,10,21.4
2021-10-15 15,0.003,0.3,0.032,0.017,23,14,21.2
2021-10-15 16,0.003,0.3,0.031,0.017,20,12,20.9
2021-10-15 17,0.003,0.3,0.027,0.022,19,12,20.6
2021-10-15 18,0.003,0.4,0.026,0.021,19,11,20.2
2021-10-15 19,0.003,0.4,0.02,0.025,21,11,20
2021-10-15 20,0.003,0.3,0.014,0.027,20,11,19.9
2021-10-15 21,0.003,0.3,0.014,0.022,18,9,19.8
2021-10-15 22,0.003,0.3,0.015,0.018,14,7,19.3
2021-10-15 23,0.003,0.3,0.024,0.013,18,8,18.8
2021-10-15 24,0.003,0.3,0.026,0.011,32,14,18.1
2021-10-16 01,0.003,0.3,0.025,0.011,28,15,17.5
2021-10-16 02,0.003,0.3,0.034,0.008,24,11,17
2021-10-16 03,0.003,0.3,0.039,0.006,19,10,16.4
2021-10-16 04,0.003,0.3,0.036,0.005,20,9,15.7
2021-10-16 05,0.003,0.3,0.034,0.006,21,9,15.3
2021-10-16 06,0.003,0.3,0.031,0.007,22,10,14.6
2021-10-16 07,0.003,0.3,0.025,0.009,26,12,13.4
2021-10-16 08,0.004,0.3,0.023,0.012,28,13,13.1
2021-10-16 09,0.004,0.3,0.023,0.013,32,11,13.8
2021-10-16 10,0.003,0.3,0.022,0.013,31,11,12.8
2021-10-16 11,0.003,0.3,0.021,0.012,40,11,12.8
2021-10-16 12,0.003,0.3,0.028,0.01,37,9,12.6
2021-10-16 13,0.003,0.3,0.032,0.008,35,5,11.6
2021-10-16 14,0.003,0.3,0.034,0.009,28,5,11
2021-10-16 15,0.003,0.2,0.034,0.009,26,5,10.2
2021-10-16 16,0.003,0.2,0.034,0.007,28,4,9.3
2021-10-16 17,0.003,0.2,0.033,0.007,33,5,8.7
2021-10-16 18,0.003,0.3,0.032,0.007,30,5,7.9
2021-10-16 19,0.003,0.3,0.031,0.007,33,7,7
2021-10-16 20,0.003,0.3,0.029,0.007,29,7,6.3
2021-10-16 21,0.003,0.3,0.029,0.006,27,8,5.5
2021-10-16 22,0.003,0.2,0.029,0.006,21,5,5
2021-10-16 23,0.003,0.3,0.029,0.007,20,5,4.4
2021-10-16 24,0.003,0.3,0.03,0.007,17,4,4.2
2021-10-17 01,0.003,0.2,0.031,0.005,16,4,3.6
2021-10-17 02,0.003,0.3,0.032,0.004,15,4,3.2
2021-10-17 03,0.003,0.2,0.031,0.004,17,3,2.5
2021-10-17 04,0.003,0.2,0.031,0.004,15,4,2.4
2021-10-17 05,0.003,0.2,0.03,0.004,15,4,2.1
2021-10-17 06,0.003,0.2,0.028,0.005,16,5,1.6
2021-10-17 07,0.003,0.2,0.027,0.006,20,6,1.3
2021-10-17 08,0.003,0.2,0.027,0.006,16,4,1.6
2021-10-17 09,0.003,0.2,0.027,0.006,19,4,2.9
2021-10-17 10,0.003,0.2,0.026,0.007,16,3,5
2021-10-17 11,0.003,0.3,0.028,0.008,20,3,6.1
2021-10-17 12,0.003,0.3,0.028,0.008,20,5,7.9
2021-10-17 13,0.003,0.3,0.032,0.007,22,5,9.1
2021-10-17 14,0.003,0.2,0.035,0.007,21,6,9.8
2021-10-17 15,0.003,0.3,0.035,0.008,25,6,10.6
2021-10-17 16,0.003,0.3,0.036,0.008,24,7,10.5
2021-10-17 17,0.003,0.3,0.034,0.009,24,5,10.3
2021-10-17 18,0.003,0.3,0.031,0.009,20,7,8.5
2021-10-17 19,0.003,0.3,0.026,0.012,21,6,7.6
2021-10-17 20,0.003,0.3,0.026,0.012,22,7,6.8
2021-10-17 21,0.003,0.3,0.025,0.013,23,5,5.8
2021-10-17 22,0.003,0.3,0.026,0.012,19,5,5.5
2021-10-17 23,0.003,0.3,0.027,0.01,22,7,5
2021-10-17 24,0.003,0.3,0.027,0.008,22,6,4.8
2021-10-18 01,0.003,0.3,0.026,0.009,19,6,4.2
2021-10-18 02,0.003,0.3,0.018,0.015,14,4,3.5
2021-10-18 03,0.003,0.3,0.009,0.023,20,7,3.2
2021-10-18 04,0.003,0.3,0.009,0.021,17,6,3.1
2021-10-18 05,0.002,0.3,0.003,0.026,18,9,2.9
2021-10-18 06,0.003,0.3,0.004,0.023,17,6,3.2
2021-10-18 07,0.003,0.4,0.002,0.028,18,5,3
2021-10-18 08,0.003,0.4,0.003,0.03,16,5,4.3
2021-10-18 09,0.003,0.4,0.004,0.031,22,8,6.8
2021-10-18 10,0.003,0.4,0.006,0.029,22,7,8
2021-10-18 11,0.003,0.4,0.008,0.031,27,9,11
2021-10-18 12,0.003,0.4,0.011,0.03,29,8,12.7
2021-10-18 13,0.003,0.3,0.02,0.023,30,12,15.5
2021-10-18 14,0.003,0.4,0.021,0.024,26,10,15.7
2021-10-18 15,0.003,0.3,0.024,0.023,30,11,15.2
2021-10-18 16,0.004,0.3,0.034,0.017,24,10,14.4
2021-10-18 17,0.005,0.3,0.033,0.017,26,10,14.3
2021-10-18 18,0.004,0.4,0.029,0.02,22,11,14
2021-10-18 19,0.004,0.4,0.025,0.023,25,13,13.8
2021-10-18 20,0.004,0.4,0.022,0.025,25,12,12.3
2021-10-18 21,0.003,0.4,0.009,0.035,27,13,11.5
2021-10-18 22,0.003,0.6,,0.042,28,17,10.7
2021-10-18 23,0.003,0.5,0.001,0.036,28,15,10.4
2021-10-18 24,0.003,0.4,0.002,0.034,22,14,10.4
2021-10-19 01,0.003,0.5,0.002,0.035,23,15,10.4
2021-10-19 02,0.003,0.5,0.001,0.035,18,13,10.5
2021-10-19 03,0.003,0.4,0.003,0.03,18,14,10.6
2021-10-19 04,0.003,0.4,0.008,0.026,17,12,10.4
2021-10-19 05,0.003,0.4,0.009,0.025,20,12,10.5
2021-10-19 06,0.003,0.4,0.007,0.023,17,12,10.5
2021-10-19 07,0.003,0.4,0.006,0.026,19,15,10.3
2021-10-19 08,0.003,0.4,0.007,0.026,17,12,10.7
2021-10-19 09,0.003,0.4,0.01,0.026,16,13,11.4
2021-10-19 10,0.003,0.4,0.008,0.031,17,11,11.7
2021-10-19 11,0.003,0.4,0.018,0.027,25,15,12.1
2021-10-19 12,0.003,0.4,0.034,0.017,22,13,13.4
2021-10-19 13,0.003,0.4,0.04,0.014,26,15,14.5
2021-10-19 14,0.003,0.4,0.043,0.014,24,15,14.4
2021-10-19 15,0.003,0.4,0.042,0.016,33,19,14.1
2021-10-19 16,0.003,0.4,0.043,0.013,38,22,14
2021-10-19 17,0.003,0.4,0.039,0.012,38,20,12.8
2021-10-19 18,0.003,0.4,0.035,0.013,35,21,11.3
2021-10-19 19,0.003,0.4,0.032,0.014,30,19,10.4
2021-10-19 20,0.003,0.4,0.028,0.017,32,20,9.5
2021-10-19 21,0.003,0.4,0.024,0.018,37,23,8.9
2021-10-19 22,0.003,0.4,0.022,0.017,32,18,8.6
2021-10-19 23,0.003,0.5,0.013,0.027,35,19,7.7
2021-10-19 24,0.003,0.5,0.013,0.024,37,21,7.1
2021-10-20 01,0.003,0.4,0.015,0.02,33,17,6.6
2021-10-20 02,0.003,0.4,0.014,0.019,33,18,6.2
2021-10-20 03,0.003,0.4,0.004,0.028,34,19,5.8
2021-10-20 04,0.003,0.5,0.007,0.025,30,18,5.4
2021-10-20 05,0.003,0.4,0.008,0.023,31,16,5.1
2021-10-20 06,0.003,0.4,0.007,0.022,26,16,4.8
2021-10-20 07,0.003,0.4,0.001,0.029,28,18,4.8
2021-10-20 08,0.003,0.5,0.003,0.028,26,16,5.2
2021-10-20 09,0.003,0.5,0.005,0.029,28,15,8
2021-10-20 10,0.003,0.5,0.008,0.027,22,12,10.1
2021-10-20 11,0.003,0.5,0.009,0.029,21,9,12.1
2021-10-20 12,0.003,0.5,0.011,0.029,25,12,13.6
2021-10-20 13,0.003,0.4,0.019,0.024,25,12,15
2021-10-20 14,0.003,0.4,0.023,0.023,20,11,15.2
2021-10-20 15,0.003,0.4,0.023,0.025,23,10,15.5
2021-10-20 16,0.003,0.4,0.024,0.028,25,14,15
2021-10-20 17,0.003,0.4,0.022,0.033,29,15,14
2021-10-20 18,0.003,0.5,0.016,0.045,37,22,12.3
2021-10-20 19,0.003,0.5,0.015,0.037,36,21,10.9
2021-10-20 20,0.004,0.4,0.022,0.027,30,16,10.1
2021-10-20 21,0.003,0.4,0.025,0.021,29,16,9.2
2021-10-20 22,0.003,0.4,0.022,0.023,25,14,8.4
2021-10-20 23,0.003,0.5,0.008,0.038,27,13,7.8
2021-10-20 24,0.003,0.5,0.001,0.043,29,16,7
2021-10-21 01,0.003,0.5,,0.039,30,16,6.7
2021-10-21 02,0.003,0.5,0.001,0.036,28,15,6.4
2021-10-21 03,0.003,0.4,0.001,0.033,27,15,6
2021-10-21 04,0.003,0.4,0.004,0.027,22,13,5.7
2021-10-21 05,0.003,0.4,0.002,0.028,19,13,5.6
2021-10-21 06,0.003,0.4,0.002,0.027,20,12,5.4
2021-10-21 07,0.003,0.4,0.001,0.026,20,12,5
2021-10-21 08,0.003,0.4,0.002,0.027,18,11,5.3
2021-10-21 09,0.003,0.4,0.003,0.026,19,11,8
2021-10-21 10,0.003,0.4,0.004,0.027,22,11,9.6
2021-10-21 11,0.003,0.5,0.005,0.031,24,11,11.2
2021-10-21 12,0.003,0.4,0.013,0.031,32,15,13.3
2021-10-21 13,0.004,0.4,0.033,0.024,34,19,14.8
2021-10-21 14,0.004,0.4,0.042,0.023,40,28,15.8
2021-10-21 15,0.004,0.4,0.032,0.029,40,25,15.7
2021-10-21 16,0.004,0.4,0.03,0.031,33,21,15.6
2021-10-21 17,0.004,0.4,0.032,0.032,34,21,13.9
2021-10-21 18,0.004,0.5,0.031,0.038,36,23,12.3
2021-10-21 19,0.004,0.5,0.034,0.031,44,26,11.4
2021-10-21 20,0.003,0.4,0.029,0.03,35,19,10.6
2021-10-21 21,0.003,0.5,0.019,0.039,35,20,9.7
2021-10-21 22,0.003,0.7,0.005,0.052,36,22,9.2
2021-10-21 23,0.003,0.5,0.001,0.055,40,25,8.5
2021-10-21 24,0.003,0.6,0.001,0.052,36,21,8
2021-10-22 01,0.003,0.5,0.001,0.047,39,23,7.3
2021-10-22 02,0.003,0.5,0.001,0.045,35,22,6.8
2021-10-22 03,0.003,0.5,0.001,0.041,39,23,6.6
2021-10-22 04,0.003,0.5,0.001,0.039,34,22,6.3
2021-10-22 05,0.003,0.5,0.001,0.039,35,23,6
2021-10-22 06,0.003,0.5,0.001,0.038,33,22,5.5
2021-10-22 07,0.003,0.6,0.001,0.04,38,24,5.2
2021-10-22 08,0.004,0.5,0.002,0.037,35,23,5.7
2021-10-22 09,0.004,0.5,0.005,0.039,41,25,7.9
2021-10-22 10,0.004,0.6,0.01,0.038,43,25,10.7
2021-10-22 11,0.004,0.5,0.015,0.036,44,23,12.9
2021-10-22 12,0.004,0.5,0.02,0.032,39,21,14.7
2021-10-22 13,0.004,0.6,0.02,0.039,42,24,15.9
2021-10-22 14,0.004,0.4,0.036,0.021,38,21,16.5
2021-10-22 15,0.004,0.3,0.04,0.011,26,15,16.6
2021-10-22 16,0.003,0.3,0.038,0.01,16,8,17.2
2021-10-22 17,0.004,0.3,0.036,0.012,19,9,16.2
2021-10-22 18,0.004,0.4,0.027,0.023,27,15,14.3
2021-10-22 19,0.003,0.4,0.02,0.028,35,17,13.3
2021-10-22 20,0.003,0.4,0.019,0.029,30,15,12.9
2021-10-22 21,0.004,0.5,0.024,0.026,40,19,11.9
2021-10-22 22,0.004,0.6,0.018,0.032,43,22,10.6
2021-10-22 23,0.004,0.6,0.014,0.037,44,23,9.7
2021-10-22 24,0.004,0.7,0.005,0.047,46,23,9.2
2021-10-23 01,0.004,0.7,0.002,0.046,46,24,8.6
2021-10-23 02,0.003,0.6,0.002,0.039,36,20,8.2
2021-10-23 03,0.004,0.6,0.002,0.036,34,17,7.6
2021-10-23 04,0.003,0.5,0.002,0.032,31,18,7.1
2021-10-23 05,0.003,0.4,0.002,0.028,32,19,6.9
2021-10-23 06,0.003,0.4,0.003,0.028,29,16,6.2
2021-10-23 07,0.003,0.4,0.002,0.028,31,16,5.9
2021-10-23 08,0.003,0.4,0.003,0.028,29,16,6.4
2021-10-23 09,0.003,0.5,0.004,0.028,30,17,9.2
2021-10-23 10,0.003,0.5,0.005,0.031,32,17,11.9
2021-10-23 11,0.004,0.6,0.007,0.034,37,18,14
2021-10-23 12,0.004,0.5,0.013,0.033,38,20,16.3
2021-10-23 13,0.004,0.5,0.022,0.031,38,21,17.5
2021-10-23 14,0.004,0.5,0.033,0.025,34,17,18
2021-10-23 15,0.004,0.5,0.037,0.024,35,16,18.3
2021-10-23 16,0.004,0.4,0.042,0.027,37,20,17.5
2021-10-23 17,0.004,0.3,0.044,0.022,32,16,16
2021-10-23 18,0.004,0.4,0.043,0.023,31,18,14
2021-10-23 19,0.004,0.4,0.042,0.026,37,19,12.9
2021-10-23 20,0.004,0.5,0.031,0.034,37,23,11.5
2021-10-23 21,0.004,0.6,0.015,0.05,40,27,10.7
2021-10-23 22,0.004,0.6,0.01,0.05,37,22,9.9
2021-10-23 23,0.004,0.7,0.002,0.056,40,25,9.5
2021-10-23 24,0.003,0.6,0.002,0.053,36,22,9.1
2021-10-24 01,0.004,0.6,0.002,0.049,37,22,8.4
2021-10-24 02,0.004,0.6,0.002,0.041,33,21,7.8
2021-10-24 03,0.003,0.5,0.003,0.036,33,22,7.3
2021-10-24 04,0.003,0.5,0.004,0.034,31,20,6.9
2021-10-24 05,0.003,0.5,0.002,0.033,32,21,6.7
2021-10-24 06,0.003,0.4,0.006,0.025,30,21,6.6
2021-10-24 07,0.003,0.4,0.009,0.023,29,20,6.1
2021-10-24 08,0.003,0.4,0.008,0.026,28,18,6.5
2021-10-24 09,0.003,0.4,0.011,0.024,30,18,9.1
2021-10-24 10,0.003,0.5,0.011,0.028,28,19,11.7
2021-10-24 11,0.004,0.5,0.015,0.03,30,20,13.7
2021-10-24 12,0.004,0.5,0.027,0.029,35,21,15.8
2021-10-24 13,0.004,0.4,0.049,0.015,31,19,16.2
2021-10-24 14,0.003,0.3,0.05,0.016,25,15,16.7
2021-10-24 15,0.003,0.3,0.051,0.015,24,14,17.6
2021-10-24 16,0.004,0.3,0.052,0.016,23,13,17.5
2021-10-24 17,0.004,0.3,0.055,0.017,30,19,16.4
2021-10-24 18,0.003,0.4,0.051,0.02,32,21,14.2
2021-10-24 19,0.003,0.3,0.041,0.02,27,16,13
2021-10-24 20,0.004,0.4,0.035,0.024,23,13,11.8
2021-10-24 21,0.004,0.4,0.031,0.028,25,15,10.8
2021-10-24 22,0.004,0.5,0.019,0.038,24,14,10.3
2021-10-24 23,0.003,0.5,0.013,0.042,24,14,9.8
2021-10-24 24,0.003,0.5,0.002,0.047,29,17,9.4
2021-10-25 01,0.003,0.5,0.003,0.043,30,17,8.9
2021-10-25 02,0.003,0.5,0.001,0.041,27,17,8.4
2021-10-25 03,0.003,0.5,0.002,0.036,27,17,8
2021-10-25 04,0.003,0.4,0.002,0.034,24,16,7.6
2021-10-25 05,0.003,0.4,0.003,0.03,23,17,7
2021-10-25 06,0.003,0.4,0.004,0.03,23,15,6.7
2021-10-25 07,0.003,0.4,0.003,0.032,24,15,6.4
2021-10-25 08,0.003,0.4,0.003,0.034,22,13,6.7
2021-10-25 09,0.003,0.4,0.006,0.033,26,14,9.5
2021-10-25 10,0.003,0.5,0.009,0.034,25,14,12.2
2021-10-25 11,0.003,0.5,0.016,0.033,27,13,15.1
2021-10-25 12,0.004,0.4,0.03,0.029,35,16,16
2021-10-25 13,0.004,0.3,0.042,0.017,30,16,16.5
2021-10-25 14,0.003,0.3,0.047,0.014,23,13,17
2021-10-25 15,0.003,0.3,0.047,0.016,25,13,17.2
2021-10-25 16,0.003,0.3,0.05,0.018,25,12,17.3
2021-10-25 17,0.003,0.3,0.049,0.017,23,13,16.3
2021-10-25 18,0.003,0.4,0.045,0.019,23,14,14.3
2021-10-25 19,0.003,0.4,0.038,0.023,27,14,12.9
2021-10-25 20,0.003,0.5,0.019,0.039,25,14,11.8
2021-10-25 21,0.003,0.5,0.007,0.052,33,18,11.4
2021-10-25 22,0.004,0.5,0.015,0.042,33,19,11.1
2021-10-25 23,0.003,0.6,0.008,0.047,33,19,11
2021-10-25 24,0.004,0.6,,0.051,37,20,10.4
2021-10-26 01,0.003,0.6,,0.048,38,19,9.9
2021-10-26 02,0.004,0.6,,0.043,33,18,9.2
2021-10-26 03,0.003,0.5,,0.037,34,18,8.8
2021-10-26 04,0.003,0.4,,0.035,28,16,8.5
2021-10-26 05,0.004,0.5,,0.035,28,16,8.1
2021-10-26 06,0.003,0.4,,0.033,27,17,7.9
2021-10-26 07,0.003,0.4,,0.032,28,19,7.7
2021-10-26 08,0.003,0.4,0.001,0.033,27,17,7.9
2021-10-26 09,0.003,0.6,0.002,0.036,31,19,9.9
2021-10-26 10,0.004,0.6,0.002,0.039,34,20,12.3
2021-10-26 11,0.004,0.6,0.004,0.044,39,21,14.7
2021-10-26 12,0.004,0.6,0.007,0.048,43,22,17.1
2021-10-26 13,0.004,0.5,0.035,0.037,43,22,17.6
2021-10-26 14,0.004,0.5,0.041,0.038,38,23,18
2021-10-26 15,0.005,0.5,0.04,0.046,49,30,18.7
2021-10-26 16,0.005,0.5,0.049,0.047,60,40,18
2021-10-26 17,0.005,0.4,0.056,0.033,61,39,17
2021-10-26 18,0.004,0.4,0.059,0.027,44,27,15.6
2021-10-26 19,0.004,0.4,0.053,0.027,43,27,14.9
2021-10-26 20,0.004,0.4,0.048,0.026,40,25,14.3
2021-10-26 21,0.004,0.5,0.035,0.033,44,28,13.6
2021-10-26 22,0.004,0.6,0.017,0.049,44,29,13
2021-10-26 23,0.004,0.6,0.015,0.046,43,29,12.5
2021-10-26 24,0.004,0.7,0.002,0.059,42,27,12.4
2021-10-27 01,0.004,0.6,0.001,0.054,41,25,12.2
2021-10-27 02,0.003,0.6,0.004,0.049,41,26,12
2021-10-27 03,0.003,0.6,0.002,0.049,40,27,11.9
2021-10-27 04,0.004,0.5,0.005,0.045,43,29,11.9
2021-10-27 05,0.004,0.5,0.013,0.035,50,35,11.8
2021-10-27 06,0.003,0.5,0.002,0.044,52,37,12.4
2021-10-27 07,0.003,0.6,0.001,0.048,59,41,12.6
2021-10-27 08,0.004,0.6,0.016,0.044,68,47,12.2
2021-10-27 09,0.004,0.7,0.003,0.047,72,51,12.4
2021-10-27 10,0.004,0.6,0.022,0.038,67,48,13.4
2021-10-27 11,0.003,0.5,0.035,0.026,66,45,14.6
2021-10-27 12,0.004,0.5,0.038,0.024,53,35,15.5
2021-10-27 13,0.004,0.4,0.046,0.016,46,29,16.3
2021-10-27 14,,,,,,,17.3
2021-10-27 15,,,,,,,17.8
2021-10-27 16,,,,,,,18
2021-10-27 17,0.003,0.3,0.028,0.02,41,20,16.6
2021-10-27 18,0.003,0.3,0.03,0.016,34,13,14.8
2021-10-27 19,0.003,0.4,0.023,0.025,33,13,13.8
2021-10-27 20,0.003,0.4,0.019,0.028,35,14,13.2
2021-10-27 21,0.003,0.4,0.024,0.021,34,12,12.6
2021-10-27 22,0.003,0.4,0.026,0.017,30,11,11.3
2021-10-27 23,0.004,0.4,0.022,0.019,33,12,10.3
2021-10-27 24,0.003,0.4,0.023,0.017,29,12,9.9
2021-10-28 01,0.003,0.3,0.021,0.018,24,11,9.7
2021-10-28 02,0.003,0.4,0.011,0.026,22,8,8.9
2021-10-28 03,0.004,0.5,0.002,0.035,27,12,8.2
2021-10-28 04,0.003,0.5,,0.035,26,11,7.8
2021-10-28 05,0.003,0.5,,0.034,26,10,7.5
2021-10-28 06,0.003,0.5,,0.031,24,11,7.4
2021-10-28 07,0.003,0.5,,0.032,29,13,7.2
2021-10-28 08,0.004,0.5,0.001,0.034,29,12,7.5
2021-10-28 09,0.004,0.6,0.002,0.034,30,12,10.2
2021-10-28 10,0.004,0.5,0.007,0.032,29,11,13.1
2021-10-28 11,0.004,0.4,0.015,0.028,29,9,15
2021-10-28 12,0.004,0.5,0.019,0.029,32,12,16.3
2021-10-28 13,0.004,0.5,0.021,0.029,33,13,17.8
2021-10-28 14,0.004,0.4,0.028,0.019,23,9,18.9
2021-10-28 15,0.003,0.3,0.034,0.014,18,9,19.1
2021-10-28 16,0.003,0.3,0.036,0.014,18,7,19.4
2021-10-28 17,0.003,0.3,0.035,0.014,19,9,18.3
2021-10-28 18,0.003,0.4,0.02,0.03,23,11,15.9
2021-10-28 19,0.004,0.9,0.004,0.05,25,12,14.6
2021-10-28 20,0.004,0.8,0.001,0.055,36,18,13.5
2021-10-28 21,0.004,0.5,0.001,0.05,34,15,12.5
2021-10-28 22,0.003,0.6,0.001,0.048,32,14,11.9
2021-10-28 23,0.003,0.5,0.002,0.044,31,13,12
2021-10-28 24,0.004,0.5,0.002,0.041,25,11,11.8
2021-10-29 01,0.003,0.4,0.007,0.034,22,12,11.8
2021-10-29 02,0.003,0.3,0.023,0.018,18,8,11.6
2021-10-29 03,0.003,0.3,0.026,0.015,16,7,11.1
2021-10-29 04,0.003,0.3,0.02,0.019,17,6,10.8
2021-10-29 05,0.003,0.3,0.016,0.023,17,8,10.6
2021-10-29 06,0.003,0.3,0.022,0.018,15,5,10.6
2021-10-29 07,0.003,0.3,0.009,0.032,15,6,10.7
2021-10-29 08,0.003,0.3,0.004,0.04,17,5,11.2
2021-10-29 09,0.003,0.3,0.007,0.035,18,6,13.2
2021-10-29 10,0.003,0.4,0.011,0.032,19,5,14.9
2021-10-29 11,0.003,0.4,0.013,0.029,20,5,16.5
2021-10-29 12,0.004,0.3,0.025,0.02,20,5,18.2
2021-10-29 13,0.003,0.3,0.031,0.015,16,5,18.9
2021-10-29 14,0.003,0.3,0.039,0.011,16,5,20
2021-10-29 15,0.003,0.3,0.042,0.012,18,7,20.5
2021-10-29 16,0.003,0.3,0.04,0.015,18,7,20.3
2021-10-29 17,0.003,0.3,0.043,0.012,20,10,18.6
2021-10-29 18,0.003,0.3,0.036,0.021,23,13,16.8
2021-10-29 19,0.003,0.6,0.009,0.047,23,11,15.5
2021-10-29 20,0.003,0.7,,0.056,29,14,14.6
2021-10-29 21,0.004,0.7,0.001,0.054,31,15,13.9
2021-10-29 22,0.004,0.6,,0.05,32,15,13.3
2021-10-29 23,0.004,0.5,0.001,0.047,29,14,12.6
2021-10-29 24,0.004,0.5,0.001,0.043,23,11,12.4
2021-10-30 01,0.003,0.5,,0.041,24,10,12
2021-10-30 02,0.003,0.4,0.001,0.037,22,10,11.6
2021-10-30 03,0.003,0.4,0.004,0.032,22,8,11.5
2021-10-30 04,0.003,0.3,0.007,0.027,17,8,11.5
2021-10-30 05,0.003,0.3,0.005,0.027,19,8,11.2
2021-10-30 06,0.003,0.3,0.005,0.026,16,8,11.1
2021-10-30 07,0.003,0.3,0.001,0.031,18,7,11.1
2021-10-30 08,0.004,0.3,0.001,0.032,16,7,11.6
2021-10-30 09,0.003,0.4,0.003,0.034,18,7,12.5
2021-10-30 10,0.003,0.4,0.003,0.035,22,8,13.6
2021-10-30 11,0.004,0.4,0.005,0.034,25,11,14.7
2021-10-30 12,0.003,0.4,0.013,0.026,19,6,16.2
2021-10-30 13,0.003,0.3,0.021,0.019,18,6,16.4
2021-10-30 14,0.003,0.3,0.022,0.02,18,9,16.7
2021-10-30 15,0.003,0.3,0.026,0.016,19,9,17.6
2021-10-30 16,0.004,0.3,0.03,0.016,18,7,17.6
2021-10-30 17,0.003,0.3,0.03,0.017,21,10,17.4
2021-10-30 18,0.003,0.4,0.022,0.026,21,11,16.2
2021-10-30 19,0.003,0.4,0.014,0.032,24,11,15.3
2021-10-30 20,0.003,0.6,0.003,0.044,28,14,14.3
2021-10-30 21,0.004,0.6,0.001,0.044,32,17,13.5
2021-10-30 22,0.004,0.5,,0.044,30,17,13
2021-10-30 23,0.004,0.6,0.001,0.043,32,19,12.5
2021-10-30 24,0.003,0.5,,0.038,31,18,11.8
2021-10-31 01,0.003,0.5,0.001,0.035,28,17,11.3
2021-10-31 02,0.003,0.4,0.002,0.031,26,16,11
2021-10-31 03,0.003,0.4,0.004,0.027,25,17,10.6
2021-10-31 04,0.003,0.4,0.009,0.019,26,16,10.1
2021-10-31 05,0.003,0.4,0.009,0.018,26,17,9.9
2021-10-31 06,0.003,0.4,0.009,0.018,24,15,9.6
2021-10-31 07,0.003,0.4,0.005,0.02,27,16,9.2
2021-10-31 08,0.003,0.4,0.005,0.022,23,15,9.9
2021-10-31 09,0.003,0.4,0.007,0.02,28,17,11.8
2021-10-31 10,0.003,0.5,0.008,0.024,27,17,14
2021-10-31 11,0.004,0.5,0.009,0.028,33,19,16.1
2021-10-31 12,0.004,0.5,0.018,0.028,34,20,18
2021-10-31 13,0.004,0.4,0.032,0.024,34,20,18.8
2021-10-31 14,0.004,0.4,0.04,0.022,30,17,19.9
2021-10-31 15,0.004,0.4,0.048,0.017,34,17,19.8
2021-10-31 16,0.004,0.3,0.055,0.011,26,14,19.5
2021-10-31 17,0.003,0.3,0.056,0.01,23,10,17.6
2021-10-31 18,0.004,0.4,0.053,0.014,23,13,16.4
2021-10-31 19,0.006,0.6,0.042,0.023,33,20,15.7
2021-10-31 20,0.006,0.6,0.036,0.025,30,19,15.3
2021-10-31 21,0.004,0.5,0.041,0.02,33,16,14.3
2021-10-31 22,0.003,0.5,0.032,0.026,29,19,13.5
2021-10-31 23,0.003,0.5,0.02,0.034,29,17,12.9
2021-10-31 24,0.003,0.6,0.004,0.046,28,17,12.9
